level,code,terrain,game_mode,player_powers,enemy_powers,speed,outcome,seconds,blue_population,red_population,blue_mana,red_mana,blue_castles,red_castles,blue_peak_castles,red_peak_castles,blue_actions,red_actions,blue_alive_slots,red_alive_slots,dead_slots,ruins,slots,war_tick,first_offense_tick,last_offense_tick
0,SHISODING,0,3,63,0,10,draw,699.000,0,0,1307,45158,0,0,8,8,315,533,0,0,208,0,208,5329,1311,5329
1,HURTOUTORD,0,3,63,0,10,win,855.500,20334,0,22268,26091,0,0,12,7,474,660,1,0,207,0,208,6601,1181,6601
2,JOSAMAR,0,3,63,0,10,ongoing,1200.000,11933,81326,1645,104690,2,5,2,7,168,900,2,26,180,0,208,0,1920,9393
3,TIMUSLUG,0,3,63,0,10,ongoing,1200.000,91504,9428,77472,76741,2,1,2,13,569,560,28,4,176,0,208,0,1921,4801
4,CALDIEHILL,0,3,63,0,10,ongoing,1200.000,108547,17069,1903,30457,0,0,0,4,245,960,30,8,170,0,208,0,1921,9513
5,SCOQUEMET,1,0,63,16,10,ongoing,1200.000,75866,33851,13028,2935,3,2,3,11,427,894,20,4,184,0,208,0,1341,8441
6,SWAUER,1,0,63,16,10,win,1053.625,59418,0,2929,566,3,0,4,3,757,842,8,0,200,0,208,0,1281,7931
7,KILLPEING,1,0,63,16,10,ongoing,1200.000,76215,1895,58328,9,2,0,2,0,960,861,24,2,182,0,208,0,1281,3011
8,EOAOZORD,1,0,63,16,10,ongoing,1200.000,105237,45159,2733,38518,0,1,0,4,230,803,41,14,153,0,208,0,1541,9361
9,BURWILCON,1,0,63,16,10,win,453.750,34018,0,12150,-250,2,0,2,1,321,316,36,0,172,0,208,0,1301,2993
10,MORINGILL,2,0,63,11,10,loss,476.625,0,9101,-250,5801,0,5,1,7,312,376,0,37,32,0,69,0,811,3641
11,NIMIHILL,2,0,63,11,10,ongoing,1200.000,22467,24562,2236,667,1,0,6,5,917,809,25,17,166,0,208,0,2263,9491
12,BILCEMET,2,0,63,11,10,ongoing,1200.000,49936,16402,18528,859,4,4,8,4,804,907,33,13,162,0,208,0,1561,9521
13,RINGMPED,2,0,63,11,10,ongoing,1200.000,43911,37767,907,9922,2,3,10,6,957,742,18,22,168,0,208,0,3201,9541
14,WEAVHIPHAM,2,0,63,11,10,ongoing,1200.000,44592,13961,3011,3568,1,0,3,8,820,929,36,14,158,0,208,0,2181,9411
15,ALPOUTOND,3,0,63,2,9,ongoing,1200.000,142318,88531,1327,13704,1,1,1,4,325,1046,32,19,157,0,208,0,1360,9505
16,BADACON,3,0,63,2,9,loss,909.500,0,6752,4361,27735,0,0,8,7,343,644,0,1,207,0,208,6593,1171,6593
17,IMMUSILL,3,0,63,2,9,ongoing,1200.000,100021,91759,895,89002,1,2,1,5,166,917,21,16,171,0,208,0,1401,9545
18,HOBDIETORY,3,0,63,2,9,ongoing,1200.000,117880,84962,40943,68025,2,1,2,9,1063,668,25,16,167,0,208,0,1225,5914
19,BUGQUEEND,3,0,63,2,9,win,508.750,2937,0,7507,27995,0,0,12,9,340,418,1,0,207,0,208,3761,865,3761
20,SHADTED,2,0,63,32,9,ongoing,1200.000,88859,61432,37091,64934,10,9,10,16,385,770,30,23,155,0,208,0,3439,6940
21,CORPEHAM,2,0,63,32,9,ongoing,1200.000,52768,36041,45206,54362,2,2,3,11,751,1067,44,19,145,0,208,0,1774,7102
22,BINOZOND,2,0,63,32,9,win,1067.875,40345,0,4589,40156,5,0,5,10,532,724,28,0,180,0,208,0,2206,8177
23,SADWILLOW,2,0,63,32,9,ongoing,1200.000,29852,15191,2669,37543,0,0,0,4,1067,1036,31,10,167,0,208,0,1306,9397
24,LOWINGICK,2,0,63,32,9,ongoing,1200.000,82263,63168,35778,54192,6,4,6,12,513,889,47,16,145,0,208,0,2116,8839
25,QAZITORY,3,17,15,11,9,ongoing,1200.000,183395,9517,2772,778,7,1,7,1,343,1052,32,2,174,0,208,0,1000,9529
26,VERYMEEND,3,17,15,11,9,win,796.750,89886,0,503,5,6,0,8,2,709,699,23,0,185,0,208,0,1297,6373
27,MINMPME,3,17,15,11,9,ongoing,1200.000,125535,4353,2965,3894,3,0,3,2,210,912,25,1,182,0,208,0,1153,9417
28,HAMHIPOLD,3,17,15,11,9,win,1026.250,89526,0,674,984,9,0,9,4,913,910,13,0,195,0,208,0,1063,8209
29,FUTOUTBOY,3,17,15,11,9,win,1081.250,177798,0,521,2384,4,0,4,3,409,958,40,0,168,0,208,0,793,8649
30,SUZALOW,0,16,55,8,8,ongoing,1200.000,49118,53858,913,8568,0,7,4,7,1034,881,13,15,180,0,208,0,1121,9217
31,DOUUSICK,0,16,55,8,8,win,915.625,30522,0,3554,-250,2,0,8,3,916,873,12,0,195,1,208,0,945,6977
32,SHIDIEHOLE,0,16,55,8,8,ongoing,1200.000,65329,50165,2519,5537,0,1,7,7,1075,905,21,15,172,0,208,0,1153,9217
33,HURTLOPLAS,0,16,55,8,8,ongoing,1200.000,53235,24146,50923,6462,2,0,6,6,394,1200,15,10,183,0,208,0,1113,4649
34,JOSTME,0,16,55,8,8,ongoing,1200.000,62313,59381,326,8207,0,9,1,10,740,1070,8,18,182,0,208,0,1257,9313
35,TIMPEOLD,1,16,63,3,8,ongoing,1200.000,99184,20375,654,1940,1,0,2,2,485,1106,30,7,171,0,208,0,1769,9593
36,CALOZBOY,1,16,63,3,8,ongoing,1200.000,71233,56335,12730,2350,6,3,6,7,1192,1200,12,12,183,1,208,0,1729,9569
37,SCOWILDOR,1,16,63,3,8,ongoing,1200.000,85161,68028,7405,31974,5,5,6,11,1097,1111,27,17,164,0,208,0,1577,8753
38,SWAINGPAL,1,16,63,3,8,ongoing,1200.000,108333,26326,2365,809,0,0,2,6,369,1147,39,9,160,0,208,0,1905,9465
39,KILLOHOLE,1,16,63,3,8,ongoing,1200.000,109924,86180,39318,58573,10,6,10,10,1195,677,14,16,178,0,208,0,1449,5425
40,EOAMELAS,2,16,63,16,8,ongoing,1200.000,30216,27173,1016,41200,0,0,6,7,758,587,2,3,203,0,208,9401,4081,9401
41,BURMPAL,2,16,63,16,8,ongoing,1200.000,11213,19059,2256,1588,0,2,1,18,1165,1125,8,3,197,0,208,0,5329,8753
42,MORHIPPIL,2,16,63,16,8,ongoing,1200.000,51677,5141,12562,32570,5,0,10,9,948,987,28,1,179,0,208,0,2889,8393
43,NIMOUTJOB,2,16,63,16,8,ongoing,1200.000,93564,55339,47003,37899,13,11,13,11,1016,845,30,16,162,0,208,0,3185,4537
44,BILADOR,2,16,63,16,8,ongoing,1200.000,52464,652,2213,34178,1,0,4,8,757,937,37,1,170,0,208,0,3369,9465
45,RINGGBPAL,3,17,63,4,7,ongoing,1200.000,22885,110763,589,97228,2,4,2,6,159,1212,2,21,185,0,208,0,1153,9593
46,WEAVINPERT,3,17,63,4,7,ongoing,1200.000,7257,166916,1607,172415,1,2,2,12,261,1098,1,31,176,0,208,0,1268,9345
47,ALPLOPOUT,3,17,63,4,7,ongoing,1200.000,106617,80012,28395,51022,3,3,3,5,265,1067,20,13,175,0,208,0,1478,7609
48,BADTAL,3,17,63,4,7,ongoing,1200.000,10107,163308,30,168771,0,10,1,11,541,1372,1,29,178,0,208,0,1201,7513
49,IMMPEPIL,3,17,63,4,7,ongoing,1200.000,87296,8610,21996,17016,4,1,4,4,947,1251,16,2,190,0,208,0,1331,8261
50,HOBOZJOB,0,1,47,20,7,win,569.000,27467,0,53032,2250,4,0,5,13,329,540,25,0,183,0,208,0,1639,4551
51,BUGWILLIN,0,1,47,20,7,loss,349.625,0,7017,-250,3630,0,0,1,3,175,277,0,47,147,1,195,0,1809,2641
52,SHADOGODON,0,1,47,20,7,ongoing,1200.000,55140,3064,29402,10838,2,1,6,14,1158,815,15,1,192,0,208,0,1548,6217
53,COROPERT,0,1,47,20,7,ongoing,1200.000,42189,11894,30021,36560,2,4,2,4,1314,849,11,4,193,0,208,0,1583,5405
54,BINMEOUT,0,1,47,20,7,win,483.250,2436,0,511,2223,1,0,1,14,78,453,1,0,207,0,208,0,1365,3865
55,SADMPT,2,1,47,20,7,win,926.500,5963,0,1153,2001,1,0,2,25,723,750,5,0,203,0,208,0,3221,7411
56,LOWHIPBAR,2,1,47,20,7,ongoing,1200.000,39902,3352,12926,2719,4,1,6,9,859,824,18,1,189,0,208,0,3505,7680
57,QAZOUTER,2,1,47,20,7,ongoing,1200.000,47335,37826,5828,40806,3,1,3,10,622,1107,39,24,145,0,208,0,2703,9591
58,VERYELIN,2,1,47,20,7,ongoing,1200.000,21268,3127,1213,2033,1,2,8,8,1130,1116,9,4,195,0,208,0,3137,9157
59,MINGBDON,2,1,47,20,7,ongoing,1200.000,37566,27274,2362,37323,1,0,1,9,547,1188,35,19,154,0,208,0,3393,9465
60,HAMINMAR,3,1,46,20,6,win,1150.125,66801,0,7144,2815,0,0,4,9,1382,511,5,0,203,0,208,9019,2185,9019
61,FUTLOPLUG,3,1,46,20,6,ongoing,1200.000,55334,20512,3838,14581,1,0,3,8,1473,1580,12,4,192,0,208,0,1813,8593
62,SUZTT,3,1,46,20,6,ongoing,1200.000,107516,12550,5987,8980,1,0,2,12,305,802,23,2,183,0,208,0,1849,8833
63,DOUPEBAR,3,1,46,20,6,win,1048.750,28474,0,8792,10835,0,0,11,5,937,832,1,0,207,0,208,8161,2089,8161
64,SHIOZER,3,1,46,20,6,ongoing,1200.000,23827,12731,48105,17928,2,1,2,8,200,937,2,2,204,0,208,0,1453,3673
65,HURTIKEING,1,1,45,36,6,win,907.875,6430,0,4264,43302,0,0,10,15,552,546,1,0,207,0,208,7017,1381,7017
66,JOSOGOORD,1,1,45,36,6,ongoing,1200.000,54538,86286,1256,73506,0,4,1,18,1594,1051,19,19,170,0,208,0,2041,9457
67,TIMOMAR,1,1,45,36,6,win,775.125,29030,0,4133,33159,0,0,6,11,407,424,1,0,207,0,208,5961,1417,5961
68,CALMELUG,1,1,45,36,6,ongoing,1200.000,63031,72650,2527,57949,7,3,12,12,458,968,8,14,186,0,208,0,2641,9289
69,SCOMPHILL,1,1,45,36,6,loss,758.250,0,2687,-250,47058,0,0,7,15,440,488,0,1,207,0,208,5809,1381,5809
70,SWAHIPMET,1,1,45,36,6,ongoing,1200.000,164578,9218,2765,356,0,0,0,2,211,1315,56,3,149,0,208,0,697,9465
71,KILLQAZED,1,1,45,36,6,ongoing,1200.000,113532,89806,1796,54421,0,6,0,11,1600,1300,41,19,148,0,208,0,835,9403
72,EOAEING,1,1,45,36,6,ongoing,1200.000,128270,88937,65610,42088,5,0,5,9,1538,1600,29,22,157,0,208,0,253,6955
73,BURGBORD,1,1,45,36,6,ongoing,1200.000,113073,40233,54158,12908,2,1,3,2,1557,1600,38,12,158,0,208,0,757,2233
74,MORINCON,1,1,45,36,6,ongoing,1200.000,125370,64848,681,44756,0,1,0,7,185,1179,48,18,142,0,208,0,763,9591
75,NIMLOPILL,0,16,47,20,5,ongoing,1200.000,6028,9781,2689,3879,1,0,1,13,83,1090,1,1,206,0,208,0,1377,8873
76,BILTHILL,0,16,47,20,5,loss,824.625,0,8213,1364,2801,0,0,1,15,149,778,0,1,207,0,208,0,1665,5021
77,RINGOXMET,0,16,47,20,5,loss,922.875,0,1283,-250,15641,0,0,4,15,461,751,0,1,206,1,208,0,1353,6546
78,WEAVEAED,0,16,47,20,5,win,886.250,37957,0,77330,3585,4,0,8,13,1062,626,5,0,203,0,208,0,1621,4369
79,ALPIKEHAM,0,16,47,20,5,loss,505.250,0,16936,-250,26062,0,7,1,11,82,536,0,36,93,1,130,0,1505,4009
80,BADOGOOND,2,16,47,20,5,ongoing,1200.000,24985,41465,860,17169,2,1,2,16,1642,1397,36,18,154,0,208,0,3656,9581
81,IMMOCON,2,16,47,20,5,ongoing,1200.000,42328,62995,2093,23017,2,4,2,15,852,1144,48,20,140,0,208,0,4061,9521
82,HOBMEILL,2,16,47,20,5,ongoing,1200.000,56358,44648,21308,30867,3,3,5,10,1425,920,50,20,138,0,208,0,3881,9456
83,BUGMPTORY,2,16,47,20,5,loss,806.625,0,22990,-250,9944,0,0,4,26,708,1073,0,1,206,1,208,0,3131,5905
84,SHADKOPEND,2,16,47,20,5,ongoing,1200.000,43329,40617,1596,11546,4,1,4,15,625,1168,32,12,164,0,208,0,4241,9521
85,CORQAZME,3,16,46,20,5,win,321.125,12957,0,4626,2238,3,0,5,13,407,442,14,0,194,0,208,0,1231,2201
86,BINEHAM,3,16,46,20,5,win,436.500,6006,0,3392,2610,0,0,2,15,326,596,5,0,203,0,208,0,1626,2976
87,SADGBOND,3,16,46,20,5,win,1132.375,43642,0,4183,2803,0,0,5,9,1438,672,2,0,206,0,208,8821,1436,8821
88,LOWINLOW,3,16,46,20,5,ongoing,1200.000,69692,25680,2016,19913,1,0,2,12,522,703,15,5,188,0,208,0,1346,9359
89,QAZLOPICK,3,16,46,20,5,win,744.000,11108,0,8068,3387,2,0,2,16,167,613,2,0,206,0,208,0,1811,3553
90,VERYYTORY,1,16,45,36,4,ongoing,1200.000,96279,5256,5073,15,0,0,1,2,1623,2326,30,3,175,0,208,0,533,8681
91,MINOXEND,1,16,45,36,4,ongoing,1200.000,112076,43174,1732,19002,1,1,1,6,440,1362,35,11,162,0,208,0,809,9505
92,HAMEAME,1,16,45,36,4,win,1118.625,10398,0,5501,40449,0,0,2,9,1900,1996,1,0,207,0,208,8681,705,8681
93,FUTIKEOLD,1,16,45,36,4,ongoing,1200.000,133803,83158,75761,48767,5,4,5,14,416,881,33,17,158,0,208,0,745,3817
94,SUZOGOBOY,1,16,45,36,4,ongoing,1200.000,153678,117279,35896,70565,2,7,2,15,2387,737,46,17,145,0,208,0,737,4261
95,DOUOLOW,2,16,63,11,4,ongoing,1200.000,97253,32572,46695,2548,15,8,25,13,1594,896,43,13,152,0,208,0,3161,9169
96,SHIMEICK,2,16,63,11,4,ongoing,1200.000,78713,49734,80151,5361,9,8,12,10,1339,1128,40,15,153,0,208,0,3777,8809
97,HURTDIHOLE,2,16,63,11,4,loss,929.625,0,56115,-250,8077,0,22,7,22,410,884,0,32,83,0,115,0,5857,6859
98,JOSKOPLAS,2,16,63,11,4,ongoing,1200.000,71135,53214,28325,5818,5,5,11,14,1423,980,55,19,134,0,208,0,2985,8841
99,TIMQAZAL,2,16,63,11,4,ongoing,1200.000,49414,23893,48582,2410,3,2,10,10,1184,1169,37,14,157,0,208,0,1929,9273
100,CALEOLD,1,16,62,11,4,ongoing,1200.000,12952,32000,2318,8850,0,0,9,11,1657,595,1,1,206,0,208,6809,1737,6809
101,SCOGBBOY,1,16,62,11,4,win,915.375,612,0,4456,-250,0,0,9,7,1587,573,2,0,206,0,208,7021,3049,7021
102,SWAINDOR,1,16,62,11,4,ongoing,1200.000,32000,21776,1749,6236,0,0,14,13,487,975,1,1,206,0,208,8121,8121,8121
103,KILLSODPAL,1,16,62,11,4,win,853.625,30740,0,16396,-250,0,0,14,5,1595,1584,1,0,207,0,208,6593,4241,6593
104,EOAYHOLE,1,16,62,11,4,ongoing,1200.000,105989,59545,20352,3289,2,0,6,0,2294,181,21,19,168,0,208,0,2569,7897
105,BUROXLAS,1,16,62,10,3,ongoing,1200.000,160720,29180,48079,5120,3,0,5,5,3110,409,50,5,153,0,208,0,3689,7755
106,MOREAAL,1,16,62,10,3,ongoing,1200.000,118345,89373,15744,3617,7,2,20,19,833,867,26,16,166,0,208,0,2860,9129
107,NIMIKEPIL,1,16,62,10,3,ongoing,1200.000,84466,119891,30,7813,0,6,5,19,2344,759,17,21,170,0,208,0,2921,9025
108,BILOGOJOB,1,16,62,10,3,ongoing,1200.000,137386,106036,54692,7133,8,9,8,15,3071,634,27,14,167,0,208,0,3177,6601
109,RINGUDOR,1,16,62,10,3,ongoing,1200.000,43571,158202,19,4209,0,15,5,15,2333,777,8,21,179,0,208,0,2770,9361
110,WEAVDEPAL,1,16,63,8,3,win,200.875,6536,0,3221,-250,5,0,5,0,454,351,32,0,30,0,62,0,1039,1039
111,ALPDIPERT,1,16,63,8,3,ongoing,1200.000,164092,130278,1697,1199,6,1,19,20,2373,836,32,17,159,0,208,0,3850,9310
112,BADKOPOUT,1,16,63,8,3,ongoing,1200.000,114099,53676,17394,6510,6,2,20,16,2276,1065,25,6,177,0,208,0,1640,8320
113,IMMQAZT,1,16,63,8,3,ongoing,1200.000,67660,83168,8,10508,0,2,9,14,1489,876,13,21,174,0,208,0,1385,8249
114,HOBEPIL,1,16,63,8,3,ongoing,1200.000,84989,52586,1929,2483,1,2,5,15,1010,1024,24,9,175,0,208,0,1387,9427
115,BUGGBJOB,1,16,62,8,3,ongoing,1200.000,85439,27029,6468,1099,0,0,0,4,1594,266,34,4,170,0,208,0,3457,8405
116,SHADASLIN,1,16,62,8,3,ongoing,1200.000,113912,165103,8173,10136,4,9,16,21,1448,739,24,22,162,0,208,0,2497,8825
117,CORSODDON,1,16,62,8,3,ongoing,1200.000,86199,166030,1165,3139,0,12,7,21,2060,854,19,24,165,0,208,0,2131,9427
118,BINYPERT,1,16,62,8,3,ongoing,1200.000,104312,62818,31193,7196,2,0,5,16,609,753,33,15,160,0,208,0,2656,6455
119,SADOXOUT,1,16,62,8,3,ongoing,1200.000,74333,190917,4754,1075,0,19,12,21,2939,877,16,23,169,0,208,0,2779,9569
120,LOWEAT,0,16,63,15,2,ongoing,1200.000,15697,84569,125,10581,0,14,9,14,1272,1559,4,22,182,0,208,0,1585,9353
121,QAZIKEBAR,0,16,63,15,2,loss,1115.125,0,16032,-250,14753,0,0,10,14,1809,1845,0,1,207,0,208,8681,1553,8681
122,VERYQUEER,0,16,63,15,2,ongoing,1200.000,65945,87204,983,974,6,2,8,20,3708,1144,32,22,154,0,208,0,1449,9561
123,MINULIN,0,16,63,15,2,loss,599.375,0,35693,-250,1791,0,17,8,21,873,947,0,29,178,1,208,0,1393,4774
124,HAMDEDON,0,16,63,15,2,ongoing,1200.000,71331,71490,1119,2068,3,2,7,22,3600,1582,33,16,159,0,208,0,1441,9505
125,FUTDIMAR,3,16,62,15,2,ongoing,1200.000,176089,138027,42480,678,4,0,8,16,3801,817,28,20,160,0,208,0,1425,8767
126,SUZKOPLUG,3,16,62,15,2,ongoing,1200.000,22084,175337,14,9935,0,13,6,21,2137,1591,7,20,181,0,208,0,761,9417
127,DOUQAZHILL,3,16,62,15,2,win,1072.375,35566,0,4414,6190,0,0,4,9,834,2647,3,0,205,0,208,8297,1217,8297
128,SHIEBAR,3,16,62,15,2,ongoing,1200.000,81657,131277,4609,5262,3,7,13,18,2235,1344,16,21,171,0,208,0,1025,9441
129,HURTCEER,3,16,62,15,2,ongoing,1200.000,8273,238734,425,3646,0,20,6,23,2254,1084,3,27,178,0,208,0,1201,9561
130,JOSASING,0,16,62,13,2,ongoing,1200.000,89482,30404,6042,6593,0,2,4,8,3507,625,29,9,170,0,208,0,1745,8633
131,TIMSODORD,0,16,62,13,2,ongoing,1200.000,50578,54728,4551,1924,3,3,11,15,3430,1431,14,20,174,0,208,0,1250,9473
132,CALYMAR,0,16,62,13,2,ongoing,1200.000,19156,115439,3,7389,0,18,7,22,2590,1664,8,27,173,0,208,0,1497,9465
133,SCOOXLUG,0,16,62,13,2,ongoing,1200.000,83799,17035,6091,-12,1,0,6,4,3804,482,13,3,192,0,208,0,969,9361
134,SWAEAHILL,0,16,62,13,2,win,546.750,60768,0,4209,6913,0,0,6,2,652,271,11,0,197,0,208,4273,4273,4273
135,KILLDIEMET,3,16,63,12,1,ongoing,1200.000,86283,195580,10,3550,0,17,9,20,0,0,17,22,169,0,208,0,1185,9561
136,EOAQUEED,3,16,63,12,1,ongoing,1200.000,141249,105730,52,9885,1,3,3,12,0,0,19,15,174,0,208,0,1241,8897
137,BURUING,3,16,63,12,1,ongoing,1200.000,174285,7396,24373,4371,3,1,10,22,0,0,26,1,181,0,208,0,977,8697
138,MORDEORD,3,16,63,12,1,ongoing,1200.000,59886,175260,17,10089,0,11,1,18,0,0,12,25,171,0,208,0,1569,9385
139,NIMDICON,3,16,63,12,1,ongoing,1200.000,6802,184122,725,1224,0,16,3,17,0,0,1,20,187,0,208,0,1329,9593
140,BILKOPILL,0,16,62,12,1,ongoing,1200.000,36719,96702,13,10440,0,16,0,17,0,0,14,19,175,0,208,0,1417,9369
141,RINGINGTORY,0,16,62,12,1,win,987.000,10618,0,6873,-250,0,0,10,6,0,0,1,0,207,0,208,7625,1499,7625
142,WEAVIMET,0,16,62,12,1,ongoing,1200.000,53142,19563,43288,5910,4,2,6,4,0,0,6,5,197,0,208,0,1545,8897
143,ALPCEED,0,16,62,12,1,ongoing,1200.000,89650,108013,31,854,0,13,7,19,0,0,34,25,149,0,208,0,1325,9593
144,BADASHAM,0,16,62,12,1,ongoing,1200.000,59654,71329,3892,932,0,10,7,13,0,0,19,15,174,0,208,0,1337,9593
145,IMMSODOND,1,10,36,2,5,win,940.125,320,0,4314,50368,0,0,8,3,341,242,1,0,207,0,208,7209,7209,7209
146,HOBYCON,1,10,36,2,5,ongoing,1200.000,131906,129625,76820,83456,5,9,6,9,448,314,34,25,149,0,208,0,3481,3481
147,BUGOXILL,1,10,36,2,5,ongoing,1200.000,129619,114380,120902,113683,2,4,2,4,289,343,39,25,144,0,208,0,1833,1833
148,SHADUSTORY,1,10,36,2,5,win,910.000,46397,0,4215,71578,0,0,12,11,462,515,4,0,204,0,208,7089,2331,7089
149,CORDIEEND,1,10,36,2,5,win,1012.125,31576,0,8781,22402,0,0,2,0,366,99,1,0,207,0,208,7857,2192,7857
150,BINQUEME,1,17,15,16,4,ongoing,1200.000,47707,3129,223,4636,3,0,11,18,1259,796,5,1,202,0,208,0,2961,4341
151,SADUHAM,1,17,15,16,4,ongoing,1200.000,159764,6438,30021,20151,4,0,7,14,2332,1354,41,2,165,0,208,0,1537,7833
152,LOWDEOND,1,17,15,16,4,ongoing,1200.000,183199,49678,2157,33268,5,1,5,5,525,2000,54,13,141,0,208,0,1545,9513
153,QAZDILOW,1,17,15,16,4,ongoing,1200.000,160044,22869,1776,15270,11,1,11,8,579,1712,29,7,172,0,208,0,1849,9529
154,VERYWILICK,1,17,15,16,4,ongoing,1200.000,193674,11609,834,6890,4,0,4,5,782,1563,63,3,142,0,208,0,1873,9585
155,MININGHOLE,3,16,4,32,3,win,372.250,199,0,9576,-250,0,0,1,16,810,703,1,0,207,0,208,2737,2737,2737
156,HAMIEND,3,16,4,32,3,loss,336.000,0,7814,14955,2763,0,0,3,18,413,672,0,2,206,0,208,2473,1793,2473
157,FUTCEME,3,16,4,32,3,ongoing,1200.000,207647,191477,127990,490447,3,16,4,16,455,836,43,21,144,0,208,0,2025,2025
158,SUZASOLD,3,16,4,32,3,ongoing,1200.000,255125,192561,92305,518384,2,17,2,17,560,632,55,20,133,0,208,0,3465,3465
159,DOUSODBOY,3,16,4,32,3,loss,406.250,0,21808,583,10499,0,0,4,18,354,714,0,1,111,0,112,2995,1201,2995
160,SHIYLOW,0,4,30,15,1,ongoing,1200.000,27552,27649,7502,7341,0,0,0,0,0,0,18,20,170,0,208,0,162,162
161,HURTAICK,0,4,30,15,1,ongoing,1200.000,40150,31018,3177,2095,0,0,0,0,0,0,21,24,163,0,208,0,4605,7605
162,JOSUSHOLE,0,4,30,15,1,ongoing,1200.000,17405,19139,4899,5499,0,0,0,0,0,0,14,15,179,0,208,0,0,0
163,TIMDIELAS,0,4,30,15,1,ongoing,1200.000,46564,29613,1738,972,0,0,0,0,0,0,33,20,155,0,208,0,6129,8849
164,CALQUEAL,0,4,30,15,1,ongoing,1200.000,12716,28186,6899,5701,0,0,0,0,0,0,12,19,177,0,208,0,0,0
165,SCOUOLD,0,16,63,63,3,ongoing,1200.000,32909,42542,1009,9571,2,0,4,6,2506,1556,9,13,186,0,208,0,982,9475
166,SWADEBOY,0,16,63,63,3,ongoing,1200.000,38886,121901,15,1753,0,17,4,22,2306,1611,7,27,174,0,208,0,1009,9577
167,KILLOZDOR,0,16,63,63,3,ongoing,1200.000,14888,144693,820,9246,0,22,2,25,1350,1136,8,32,168,0,208,0,1666,9457
168,EOAWILPAL,0,16,63,63,3,ongoing,1200.000,57354,46636,889,5694,1,0,7,17,1450,1251,19,16,173,0,208,0,905,9561
169,BURINGPERT,0,16,63,63,3,ongoing,1200.000,83627,66888,2633,8606,0,2,5,15,1184,1205,29,19,160,0,208,0,1411,9177
170,MORILAS,2,16,31,63,3,ongoing,1200.000,71836,11162,781,8816,11,3,11,5,1923,2173,37,13,158,0,208,0,3433,9585
171,NIMCEAL,2,16,31,63,3,loss,907.625,0,124185,-250,3752,0,36,6,36,1125,1420,0,50,158,0,208,0,4147,7099
172,BILASPIL,2,16,31,63,3,ongoing,1200.000,45374,77559,2039,3329,0,5,11,20,2139,2387,19,34,155,0,208,0,3761,9283
173,RINGHIPJOB,2,16,31,63,3,ongoing,1200.000,15684,137563,1886,7459,0,14,5,27,2148,1265,14,31,163,0,208,0,2443,9033
174,WEAVOUTLIN,2,16,31,63,3,ongoing,1200.000,33965,132183,2579,5386,1,13,16,26,2267,1120,18,33,157,0,208,0,1385,9321
175,ALPAPAL,0,16,32,63,1,win,790.875,6891,0,4159,4905,0,0,12,8,0,0,1,0,207,0,208,6033,1409,6033
176,BADUSPERT,0,16,32,63,1,ongoing,1200.000,58479,97083,50354,8833,1,19,10,20,0,0,26,19,163,0,208,0,2441,8809
177,IMMDIEOUT,0,16,32,63,1,ongoing,1200.000,72826,96316,58825,2431,0,17,13,18,0,0,32,22,154,0,208,0,1993,9561
178,HOBQUET,0,16,32,63,1,win,836.625,45550,0,7117,2928,0,0,9,3,0,0,9,0,199,0,208,6521,1161,6521
179,BUGUPIL,0,16,32,63,1,ongoing,1200.000,94791,90644,91990,3702,4,14,7,15,0,0,35,22,151,0,208,0,1529,8753
180,SHADPEJOB,2,16,15,63,2,ongoing,1200.000,94524,23236,1284,4454,5,1,5,12,795,2435,70,16,122,0,208,0,2465,9577
181,COROZLIN,2,16,15,63,2,ongoing,1200.000,39531,63260,2578,7426,5,2,9,20,1698,1088,17,23,168,0,208,0,3617,8537
182,BINWILDON,2,16,15,63,2,ongoing,1200.000,147420,35324,2484,2873,16,3,16,16,1047,2552,67,17,124,0,208,0,2105,9529
183,SADINGMAR,2,16,15,63,2,ongoing,1200.000,47407,35950,790,4843,0,4,5,20,1564,1658,36,21,151,0,208,0,2481,9585
184,LOWIOUT,2,16,15,63,2,loss,837.125,0,73166,-250,2412,0,25,5,25,1229,1664,0,32,175,1,208,0,2577,6593
185,QAZCET,0,16,62,63,2,ongoing,1200.000,96653,70454,21696,9202,2,12,2,13,3693,660,29,17,162,0,208,0,1761,8705
186,VERYMPBAR,0,16,62,63,2,win,749.375,60855,0,4229,3172,0,0,6,1,1126,229,10,0,198,0,208,5817,1457,5817
187,MINHIPER,0,16,62,63,2,ongoing,1200.000,85735,45871,57244,3499,3,1,7,12,1701,823,33,12,163,0,208,0,2385,8177
188,HAMOUTING,0,16,62,63,2,ongoing,1200.000,71735,68425,6599,7702,1,4,3,12,2384,751,21,19,168,0,208,0,1505,9169
189,FUTADON,0,16,62,63,2,win,585.750,44670,0,4185,1676,0,0,4,1,758,224,3,0,205,0,208,4473,1457,4473
190,SUZUSMAR,3,16,61,63,2,ongoing,1200.000,132429,11432,10403,1267,3,0,4,18,1522,1302,18,3,187,0,208,0,1385,8466
191,DOUDIELUG,3,16,61,63,2,ongoing,1200.000,107757,78387,53,1721,1,2,3,15,1709,1300,15,14,179,0,208,0,881,7897
192,SHIQUEHILL,3,16,61,63,2,ongoing,1200.000,67138,192500,15,1868,0,16,4,18,1903,846,17,20,171,0,208,0,1313,9585
193,HURTTBAR,3,16,61,63,2,ongoing,1200.000,17936,126488,6,3790,0,3,1,16,1027,1217,4,14,190,0,208,0,1393,9337
194,JOSPEER,3,16,61,63,2,ongoing,1200.000,179564,98297,36,606,0,1,3,12,3016,787,36,18,154,0,208,0,865,9585
195,TIMOZING,0,16,60,63,2,ongoing,1200.000,24500,143381,5,9941,0,23,3,24,2576,1358,6,35,167,0,208,0,1593,9449
196,CALWILORD,0,16,60,63,2,win,1056.625,25322,0,6956,-250,0,0,6,3,1750,159,1,0,207,0,208,8193,713,8193
197,SCOINGCON,0,16,60,63,2,ongoing,1200.000,78394,28683,8393,755,0,5,4,6,1509,447,35,5,168,0,208,0,1801,8433
198,SWAILUG,0,16,60,63,2,ongoing,1200.000,26581,143197,13,5151,0,23,2,30,1987,1356,13,30,165,0,208,0,2129,9529
199,KILLMEHILL,0,16,60,63,2,win,757.750,29601,0,4172,-250,0,0,9,9,2039,1405,7,0,201,0,208,5801,1081,5801
200,EOAMPMET,2,16,55,62,1,win,491.375,42163,0,2457,2098,3,0,12,12,0,0,39,0,169,0,208,0,729,3716
201,BURHIPED,2,16,55,62,1,ongoing,1200.000,66346,11420,53609,4616,2,1,3,3,0,0,54,4,150,0,208,0,1585,7001
202,MOROUTHAM,2,16,55,62,1,win,874.500,27354,0,7322,1696,0,0,4,11,0,0,1,0,207,0,208,6657,1545,6657
203,NIMAORD,2,16,55,62,1,win,619.375,22068,0,2826,1557,0,0,3,6,0,0,1,0,207,0,208,4705,4353,4705
204,BILUSCON,2,16,55,62,1,win,1132.250,152,0,4090,-250,0,0,5,9,0,0,1,0,207,0,208,8689,1497,8689
205,RINGINILL,2,16,54,63,1,ongoing,1200.000,128108,100938,65900,951,7,11,7,11,0,0,58,17,133,0,208,0,5177,8081
206,WEAVLOPTORY,2,16,54,63,1,win,509.000,35984,0,1011,5786,4,0,7,13,0,0,41,0,167,0,208,0,2065,3817
207,ALPTMET,2,16,54,63,1,win,791.625,16059,0,4192,2490,0,0,3,4,0,0,1,0,207,0,208,6017,2353,6017
208,BADPEED,2,16,54,63,1,win,853.500,13249,0,4462,1159,0,0,3,4,0,0,1,0,207,0,208,6169,2185,6169
209,IMMOZHAM,2,16,54,63,1,win,1130.125,31568,0,7083,-250,0,0,2,4,0,0,1,0,207,0,208,8753,2202,8753
210,HOBWILOND,0,16,53,58,1,win,1056.125,75528,0,9521,1392,6,0,9,17,0,0,26,0,182,0,208,0,1313,5985
211,BUGINGLOW,0,16,53,58,1,ongoing,1200.000,4249,123504,579,4121,0,22,0,22,0,0,2,25,181,0,208,0,1889,9537
212,SHADOILL,0,16,53,58,1,ongoing,1200.000,144806,71159,80451,103,3,3,6,17,0,0,47,20,141,0,208,0,1841,3217
213,CORMETORY,0,16,53,58,1,win,952.250,102846,0,34958,2214,12,0,13,22,0,0,41,0,167,0,208,0,1561,6017
214,BINMPEND,0,16,53,58,1,ongoing,1200.000,45847,81085,28,6094,0,10,2,14,0,0,15,19,174,0,208,0,1625,9417
215,SADHIPME,3,18,52,63,1,ongoing,1200.000,53289,195328,11,7754,0,15,3,20,0,0,8,22,178,0,208,0,1129,9481
216,LOWOUTOLD,3,18,52,63,1,ongoing,1200.000,101924,140528,78,1387,2,11,3,12,0,0,19,16,173,0,208,0,905,9585
217,QAZAOND,3,18,52,63,1,ongoing,1200.000,77656,36264,39670,2410,3,1,8,9,0,0,10,4,194,0,208,0,697,9225
218,VERYGBLOW,3,18,52,63,1,ongoing,1200.000,14213,164684,87,9242,0,13,1,14,0,0,3,20,185,0,208,0,1545,9433
219,MININICK,3,18,52,63,1,ongoing,1200.000,42295,205704,7,3269,0,14,6,16,0,0,8,26,174,0,208,0,1321,9553
220,HAMLOPHOLE,3,16,59,56,2,ongoing,1200.000,23816,219405,612,7228,0,19,1,20,1267,1050,5,21,182,0,208,0,993,9513
221,FUTTEND,3,16,59,56,2,ongoing,1200.000,91768,215874,21,8045,0,13,3,19,2177,1156,22,21,165,0,208,0,953,9457
222,SUZPEME,3,16,59,56,2,ongoing,1200.000,79092,175540,23,7457,0,12,1,14,1946,668,14,20,174,0,208,0,897,9457
223,DOUOZOLD,3,16,59,56,2,ongoing,1200.000,115350,108626,40,6609,0,1,2,10,1797,672,23,19,166,0,208,0,1201,8665
224,SHIWILBOY,3,16,59,56,2,ongoing,1200.000,73810,129896,12,1917,0,5,2,14,1558,736,12,17,179,0,208,0,771,9537
225,HURTOGODOR,3,16,58,15,2,ongoing,1200.000,87104,113081,2449,1825,2,1,6,19,2385,944,17,11,180,0,208,0,961,9361
226,JOSOICK,3,16,58,15,2,ongoing,1200.000,25517,217957,170,10917,0,20,4,20,1731,1121,8,22,178,0,208,0,1433,9465
227,TIMMEHOLE,3,16,58,15,2,ongoing,1200.000,32435,154063,7,5927,0,9,9,20,2226,1151,7,18,183,0,208,0,897,9449
228,CALMPLAS,3,16,58,15,2,win,553.500,29127,0,16663,-250,0,0,14,11,1854,2069,1,0,207,0,208,4153,1033,4153
229,SCOHIPAL,3,16,58,15,2,loss,796.375,0,133860,112,899,0,19,5,20,1525,1032,0,25,183,0,208,0,1201,6089
230,SWAOUTPIL,0,18,57,63,3,ongoing,1200.000,94112,63609,54863,6750,3,1,8,16,1262,1262,25,18,165,0,208,0,1027,6489
231,KILLEBOY,0,18,57,63,3,ongoing,1200.000,61546,59017,1981,3045,1,1,4,20,2627,1543,18,16,174,0,208,0,835,9209
232,EOAGBDOR,0,18,57,63,3,ongoing,1200.000,103113,37441,31928,1034,9,0,9,14,1396,1246,27,22,159,0,208,0,761,8642
233,BURINPAL,0,18,57,63,3,ongoing,1200.000,102901,62218,11479,9764,2,1,12,11,1371,1634,28,24,156,0,208,0,881,8601
234,MORLOPPERT,0,18,57,63,3,ongoing,1200.000,61993,107666,1642,5557,0,10,2,17,2919,1108,14,26,168,0,208,0,1243,9009
235,NIMTLAS,0,16,56,63,2,ongoing,1200.000,61875,118066,394,1833,1,12,9,25,3693,910,17,31,160,0,208,0,617,9569
236,BILPEAL,0,16,56,63,2,ongoing,1200.000,57631,87770,3936,8129,0,0,6,15,3062,2065,18,28,162,0,208,0,1145,8665
237,RINGEAPIL,0,16,56,63,2,ongoing,1200.000,69144,121348,9177,1482,1,11,7,23,4280,1107,21,29,158,0,208,0,1009,9137
238,WEAVIKEJOB,0,16,56,63,2,ongoing,1200.000,81360,59439,3220,969,0,1,7,12,4147,757,24,19,165,0,208,0,1001,9529
239,ALPOGOLIN,0,16,56,63,2,ongoing,1200.000,42495,98479,3024,2525,1,12,5,17,4418,3156,12,21,175,0,208,0,1033,9545
240,BADOPAL,2,16,51,15,2,ongoing,1200.000,148604,117116,4283,2822,20,4,26,34,1030,2016,33,36,139,0,208,0,2585,9289
241,IMMMEPERT,2,16,51,15,2,ongoing,1200.000,63409,86158,1538,6944,7,2,13,30,2633,1556,30,27,151,0,208,0,2657,9513
242,HOBMPOUT,2,16,51,15,2,loss,997.625,0,74608,-250,11260,0,25,10,29,1695,870,0,41,166,1,208,0,2293,7465
243,BUGHIPT,2,16,51,15,2,ongoing,1200.000,105843,132766,560,1159,14,6,18,29,3000,1801,25,36,147,0,208,0,2585,9593
244,SHADQAZBAR,2,16,51,15,2,ongoing,1200.000,74794,74263,1726,783,7,5,9,31,1607,1759,34,29,145,0,208,0,3793,9497
245,COREJOB,1,16,50,4,2,ongoing,1200.000,79634,130677,53,77329,1,11,1,12,4149,363,35,17,156,0,208,0,4129,4129
246,BINGBLIN,1,16,50,4,2,ongoing,1200.000,233492,312850,192599,184480,12,31,13,32,726,1321,49,34,125,0,208,0,4033,4033
247,SADINDON,1,16,50,4,2,loss,734.875,0,95747,-250,59690,0,32,21,32,717,1378,0,39,167,2,208,0,2437,5286
248,LOWLOPMAR,1,16,50,4,2,win,521.500,45185,0,3226,34684,5,0,6,24,435,953,42,0,166,0,208,0,3353,3905
249,QAZTOUT,1,16,50,4,2,loss,721.750,0,14162,7245,30314,0,0,11,13,763,630,0,1,207,0,208,5497,4201,5497
250,VERYOXT,0,16,49,5,3,ongoing,1200.000,56271,49904,1942,3084,6,2,9,18,1900,1393,9,17,182,0,208,0,922,9505
251,MINEABAR,0,16,49,5,3,win,833.750,2119,0,7272,-250,0,0,17,16,1995,714,1,0,207,0,208,6379,835,6379
252,HAMIKEER,0,16,49,5,3,ongoing,1200.000,77660,58078,36293,2350,13,0,15,13,2100,2121,16,17,175,0,208,0,547,9273
253,FUTOGOING,0,16,49,5,3,ongoing,1200.000,125785,29592,1980,1230,0,0,11,9,646,1732,37,9,162,0,208,0,946,9513
254,SUZODON,0,16,49,5,3,win,594.125,17505,0,5786,-250,0,0,16,21,1235,976,2,0,206,0,208,4529,898,4529
255,DOUMEMAR,0,16,48,15,2,win,352.500,10664,0,28203,-250,0,0,24,15,988,688,2,0,206,0,208,2521,993,2521
256,SHIMPLUG,0,16,48,15,2,ongoing,1200.000,49908,117633,3529,3387,3,20,3,22,4177,1102,11,23,174,0,208,0,1409,9457
257,HURTKOPHILL,0,16,48,15,2,ongoing,1200.000,61320,120103,94948,2372,0,18,16,19,4212,843,22,25,161,0,208,0,977,9569
258,JOSQAZMET,0,16,48,15,2,win,661.500,5383,0,13016,-250,0,0,7,15,1445,841,2,0,206,0,208,5065,1241,5065
259,TIMEER,0,16,48,15,2,ongoing,1200.000,34167,62602,2139,10525,0,7,3,8,4276,416,11,14,183,0,208,0,1961,9129
260,CALGBING,1,16,4,4,1,ongoing,1200.000,203050,175788,130807,106201,12,15,12,16,0,0,39,20,149,0,208,0,2377,3401
261,SCOINORD,1,16,4,4,1,ongoing,1200.000,168629,226393,148833,138884,4,18,4,19,0,0,46,29,133,0,208,0,1881,2865
262,SWALOPCON,1,16,4,4,1,ongoing,1200.000,299800,145925,200905,95846,18,12,19,13,0,0,56,19,133,0,208,0,2593,3393
263,KILLYLUG,1,16,4,4,1,ongoing,1200.000,242073,198588,98781,105797,12,18,12,20,0,0,54,22,132,0,208,0,2361,2937
264,EOAOXHILL,1,16,4,4,1,ongoing,1200.000,261698,137941,186501,93567,15,13,16,15,0,0,58,16,134,0,208,0,2385,3201
265,BUREAMET,3,16,11,32,1,loss,347.875,0,5716,-250,4487,0,0,10,21,0,0,0,1,207,0,208,2505,1521,2505
266,MORIKEED,3,16,11,32,1,loss,291.875,0,23040,-250,7547,0,0,6,22,0,0,0,1,207,0,208,2065,1729,2065
267,NIMOGOHAM,3,16,11,32,1,loss,254.875,0,24446,-250,4844,0,0,3,25,0,0,0,1,176,0,177,1745,1745,1745
268,BILOORD,3,16,11,32,1,loss,434.125,0,4200,-250,10536,0,0,4,22,0,0,0,1,207,0,208,3121,2313,3121
269,RINGDECON,3,16,11,32,1,loss,287.250,0,15034,-250,7750,0,0,3,23,0,0,0,1,207,0,208,2057,2057,2057
270,WEAVDIILL,2,18,61,6,1,ongoing,1200.000,79641,49131,40802,4417,9,2,11,16,0,0,70,18,120,0,208,0,3913,9033
271,ALPKOPTORY,2,18,61,6,1,ongoing,1200.000,1363,102973,1014,55314,1,24,13,27,0,0,1,26,181,0,208,0,5789,7705
272,BADQAZEND,2,18,61,6,1,ongoing,1200.000,43551,98888,727,73,11,21,11,23,0,0,35,31,142,0,208,0,3913,7217
273,IMMEED,2,18,61,6,1,ongoing,1200.000,94080,71801,12111,4581,18,10,18,21,0,0,49,26,133,0,208,0,8025,9193
274,HOBGBHAM,2,18,61,6,1,loss,1019.375,0,106150,-250,40827,0,33,9,33,0,0,0,37,170,1,208,0,4329,6602
275,BUGINOND,3,18,61,6,1,ongoing,1200.000,174831,144429,940,5494,4,6,4,25,0,0,35,19,154,0,208,0,1479,9529
276,SHADSODLOW,3,18,61,6,1,ongoing,1200.000,165763,35435,13018,604,4,0,5,27,0,0,32,14,162,0,208,0,1617,8937
277,CORYILL,3,18,61,6,1,ongoing,1200.000,149382,109935,59571,194651,9,6,9,17,0,0,23,18,167,0,208,0,1303,7961
278,BINOXTORY,3,18,61,6,1,ongoing,1200.000,183335,169300,640,2783,5,2,5,26,0,0,37,25,146,0,208,0,1129,9593
279,SADEAEND,3,18,61,6,1,ongoing,1200.000,101933,156107,2474,297044,0,4,0,23,0,0,24,20,164,0,208,0,2409,9081
280,LOWIKEME,1,18,61,6,1,ongoing,1200.000,42644,192939,2623,82332,5,4,5,33,0,0,7,34,167,0,208,0,2449,9201
281,QAZOGOOLD,1,18,61,6,1,ongoing,1200.000,45413,279610,2790,168653,5,15,15,42,0,0,6,36,166,0,208,0,1649,9113
282,VERYUOND,1,18,61,6,1,ongoing,1200.000,139554,84915,1256,20646,3,0,3,9,0,0,40,9,159,0,208,0,3129,9569
283,MINDELOW,1,18,61,6,1,ongoing,1200.000,180557,137285,22177,1616,6,5,7,25,0,0,44,30,134,0,208,0,1737,7489
284,HAMDIICK,1,18,61,6,1,ongoing,1200.000,77351,145415,69,1452,0,13,0,14,0,0,35,17,156,0,208,0,2433,2433
285,FUTKOPHOLE,1,16,56,1,3,win,1126.375,6913,0,15863,-250,0,0,13,17,1913,874,1,0,207,0,208,8755,1697,8755
286,SUZQAZLAS,1,16,56,1,3,ongoing,1200.000,159362,95554,9055,1876,0,1,11,19,1009,1326,55,15,138,0,208,0,2257,9001
287,DOUEME,1,16,56,1,3,win,629.250,26910,0,7236,-250,0,0,19,4,906,565,1,0,207,0,208,4737,2081,4737
288,SHIGBOLD,1,16,56,1,3,loss,1076.000,0,120,-250,5788,0,0,31,14,2168,817,0,1,207,0,208,8337,2218,8337
289,HURTASBOY,1,16,56,1,3,ongoing,1200.000,73280,52577,3437,1573,5,0,9,11,2227,426,9,10,189,0,208,0,3337,8745
290,JOSSODDOR,2,16,56,2,1,ongoing,1200.000,97657,87949,8608,44746,10,3,11,21,0,0,45,17,146,0,208,0,4641,9113
291,TIMYICK,2,16,56,2,1,ongoing,1200.000,69454,211487,8735,69122,3,19,5,37,0,0,61,26,121,0,208,0,5529,8729
292,CALOXHOLE,2,16,56,2,1,win,920.250,2261,0,4312,18181,0,0,3,14,0,0,1,0,207,0,208,6961,2329,6961
293,SCOEALAS,2,16,56,2,1,ongoing,1200.000,157721,115158,7287,8358,21,8,22,21,0,0,53,25,130,0,208,0,5761,8593
294,SWAIKEAL,2,16,56,2,1,ongoing,1200.000,5846,158328,1151,90719,1,25,16,31,0,0,13,26,169,0,208,0,4529,9393
295,KILLQUEPIL,0,16,8,8,1,ongoing,1200.000,38741,54259,40,10117,0,16,7,16,0,0,23,21,164,0,208,0,3617,9385
296,EOAUBOY,0,16,8,8,1,ongoing,1200.000,37808,107760,19,10387,0,14,8,14,0,0,16,26,166,0,208,0,1881,9369
297,BURDEDOR,0,16,8,8,1,ongoing,1200.000,38886,107578,4434,4538,1,16,1,16,0,0,27,25,156,0,208,0,2033,9513
298,MORDIPAL,0,16,8,8,1,ongoing,1200.000,13366,108108,10,6162,0,19,3,19,0,0,8,25,175,0,208,0,2793,9497
299,NIMKOPPERT,0,16,8,8,1,ongoing,1200.000,25863,119236,9,8861,0,20,1,23,0,0,15,25,168,0,208,0,2209,9449
300,BILQAZOUT,0,4,9,8,2,ongoing,1200.000,19978,13970,2799,5474,0,0,0,0,5,1,17,9,182,0,208,0,5003,5003
301,RINGIAL,0,4,9,8,2,ongoing,1200.000,41225,35633,1314,8054,0,0,0,0,4,1,31,20,157,0,208,0,4299,8299
302,WEAVCEPIL,0,4,9,8,2,ongoing,1200.000,33177,28623,1310,1422,0,0,0,0,6,2,18,17,173,0,208,0,769,9217
303,ALPASJOB,0,4,9,8,2,ongoing,1200.000,10751,11790,1568,7493,0,0,0,0,4,1,7,9,192,0,208,0,3893,7893
304,BADSODLIN,0,4,9,8,2,ongoing,1200.000,35707,22349,2404,1050,0,0,0,0,4,2,17,13,178,0,208,0,6555,9239
305,IMMYPAL,3,16,1,1,3,ongoing,1200.000,39477,85398,807,2452,4,1,5,13,2118,1208,6,12,190,0,208,0,1186,9585
306,HOBOXPERT,3,16,1,1,3,ongoing,1200.000,55492,102744,2626,2121,3,4,7,15,1844,1787,7,17,184,0,208,0,1033,9481
307,BUGEAOUT,3,16,1,1,3,ongoing,1200.000,174543,23695,1614,16,11,0,12,12,619,2872,26,6,176,0,208,0,937,9577
308,SHADDIET,3,16,1,1,3,ongoing,1200.000,135108,11015,829,934,7,1,11,16,1464,2422,22,4,182,0,208,0,946,9593
309,CORQUEBAR,3,16,1,1,3,ongoing,1200.000,209264,22631,2881,8,15,0,15,15,2461,2996,31,7,170,0,208,0,754,9562
310,BINUJOB,1,17,0,0,1,ongoing,1200.000,223690,223281,182190,132875,9,22,9,22,0,0,62,23,123,0,208,0,0,0
311,SADDELIN,1,17,0,0,1,ongoing,1200.000,79410,412146,91650,260946,1,49,8,49,0,0,30,51,127,0,208,0,0,0
312,LOWDIDON,1,17,0,0,1,ongoing,1200.000,51322,237641,46,143869,1,25,1,25,0,0,19,27,162,0,208,0,0,0
313,QAZKOPMAR,1,17,0,0,1,ongoing,1200.000,134388,208722,38790,25386,2,18,2,18,0,0,40,25,143,0,208,0,0,0
314,VERYINGLUG,1,17,0,0,1,ongoing,1200.000,60889,193524,56,139060,1,15,2,16,0,0,22,26,160,0,208,0,0,0
315,MINIT,2,16,1,12,4,ongoing,1200.000,9682,119429,9,645,0,14,3,15,1536,933,4,21,183,0,208,0,1385,9585
316,HAMCEBAR,2,16,1,12,4,ongoing,1200.000,4594,78099,13,1455,0,9,7,13,1393,903,2,25,181,0,208,0,2937,9505
317,FUTASER,2,16,1,12,4,ongoing,1200.000,53151,63417,2822,3483,4,2,6,17,1044,1274,26,16,166,0,208,0,1665,9241
318,SUZSODING,2,16,1,12,4,ongoing,1200.000,26511,44987,2460,1103,1,5,9,9,1358,1614,13,18,177,0,208,0,2837,9521
319,DOUYDON,2,16,1,12,4,ongoing,1200.000,30042,84560,2610,6090,2,7,5,16,1633,1052,18,17,173,0,208,0,2489,9049
320,SHIOXMAR,0,16,32,32,1,win,489.375,21394,0,7402,15089,0,0,11,1,0,0,1,0,207,0,208,3641,3641,3641
321,HURTUSLUG,0,16,32,32,1,win,439.125,23586,0,10491,76449,0,0,13,14,0,0,3,0,205,0,208,3273,3273,3273
322,JOSDIEHILL,0,16,32,32,1,loss,458.750,0,17241,30175,4180,0,0,4,12,0,0,0,2,67,0,69,3457,3457,3457
323,TIMQUEMET,0,16,32,32,1,win,594.125,3190,0,4331,92194,0,0,5,11,0,0,1,0,207,0,208,4233,4233,4233
324,CALUER,0,16,32,32,1,win,530.625,25501,0,10421,28210,0,0,10,7,0,0,1,0,207,0,208,3937,3937,3937
325,SCODEING,2,18,2,2,1,ongoing,1200.000,13234,271953,23668,104630,1,39,1,39,0,0,14,46,148,0,208,0,0,0
326,SWADIORD,2,18,2,2,1,ongoing,1200.000,66458,199688,37750,2096,4,27,5,27,0,0,50,31,127,0,208,0,0,0
327,KILLWILCON,2,18,2,2,1,ongoing,1200.000,52429,218998,143705,76492,0,26,0,26,0,0,63,28,117,0,208,0,0,0
328,EOAINGILL,2,18,2,2,1,ongoing,1200.000,58813,402417,38137,102410,8,59,8,59,0,0,24,62,122,0,208,0,0,0
329,BURIHILL,2,18,2,2,1,ongoing,1200.000,86894,275106,65375,29738,6,40,8,40,0,0,73,43,92,0,208,0,0,0
330,MORCEMET,0,16,63,63,1,ongoing,1200.000,82501,47218,7518,2954,2,3,8,13,0,0,25,12,171,0,208,0,1145,9193
331,NIMASED,0,16,63,63,1,win,905.750,113147,0,20598,259,1,0,9,14,0,0,54,0,154,0,208,0,1193,6241
332,BILSODHAM,0,16,63,63,1,win,543.625,59082,0,4140,-250,0,0,4,4,0,0,5,0,203,0,208,4121,1369,4121
333,RINGOUTOND,0,16,63,63,1,ongoing,1200.000,37682,97583,18,5304,0,13,4,19,0,0,14,23,171,0,208,0,1641,9481
334,WEAVACON,0,16,63,63,1,win,108.625,2185,0,2734,-250,0,0,0,0,0,0,17,0,9,0,26,0,759,759
335,ALPUSILL,1,18,62,5,1,ongoing,1200.000,179687,235135,3868,2490,23,19,26,24,0,0,33,28,147,0,208,0,2553,9497
336,BADDIETORY,1,18,62,5,1,ongoing,1200.000,223852,165230,30788,1981,27,10,31,28,0,0,33,27,148,0,208,0,2233,9497
337,IMMQUEEND,1,18,62,5,1,ongoing,1200.000,135458,71420,15013,2473,9,5,10,8,0,0,32,7,169,0,208,0,1897,9265
338,HOBUED,1,18,62,5,1,ongoing,1200.000,116672,171512,5684,2278,10,6,17,17,0,0,18,26,164,0,208,0,1945,9481
339,BUGDEHAM,1,18,62,5,1,ongoing,1200.000,168806,21730,1541,2050,1,0,9,3,0,0,53,2,153,0,208,0,1881,9217
340,SHADOZOND,2,16,63,6,2,ongoing,1200.000,18691,117967,2710,31494,1,16,2,19,3730,2492,22,27,159,0,208,0,4193,8353
341,CORWILLOW,2,16,63,6,2,ongoing,1200.000,62468,49766,2106,1162,7,3,8,21,1275,1675,34,28,146,0,208,0,3007,9473
342,BININGICK,2,16,63,6,2,ongoing,1200.000,98989,77199,3517,2931,13,1,13,25,1365,1780,34,29,145,0,208,0,3449,9353
343,SADITORY,2,16,63,6,2,ongoing,1200.000,149541,106415,18207,68112,21,5,29,32,1329,1655,37,30,141,0,208,0,3849,8375
344,LOWCEEND,2,16,63,6,2,ongoing,1200.000,123855,67927,57711,60142,14,5,14,26,573,1235,47,27,134,0,208,0,2833,6449
345,QAZASME,3,18,62,12,4,ongoing,1200.000,129807,99701,16572,9931,5,0,5,12,1942,1112,24,15,169,0,208,0,1185,8713
346,VERYHIPOLD,3,18,62,12,4,ongoing,1200.000,38820,251487,15,7973,0,23,4,23,1243,783,10,26,172,0,208,0,1329,9521
347,MINOUTBOY,3,18,62,12,4,ongoing,1200.000,75789,200235,1065,8094,0,19,3,19,2325,1890,13,21,174,0,208,0,977,9497
348,HAMALOW,3,18,62,12,4,ongoing,1200.000,45323,268538,390,3316,0,23,6,24,1417,777,11,31,166,0,208,0,1217,9569
349,FUTUSICK,3,18,62,12,4,ongoing,1200.000,83921,118369,3899,5755,0,5,4,16,1844,690,14,19,175,0,208,0,1641,9361
350,SUZDIEHOLE,0,18,62,20,3,ongoing,1200.000,175603,11411,5112,35947,0,0,0,6,707,331,60,4,144,0,208,0,1864,9385
351,DOUQUELAS,0,18,62,20,3,win,932.750,38733,0,12797,2999,4,0,5,15,1793,931,18,0,190,0,208,0,1969,5593
352,SHIUME,0,18,62,20,3,win,383.500,16911,0,1075,2742,1,0,3,21,935,752,24,0,184,0,208,0,1681,2257
353,HURTPEOLD,0,18,62,20,3,ongoing,1200.000,5720,4707,9308,10,1,0,4,9,1748,3110,1,2,205,0,208,0,2215,4363
354,JOSOZBOY,0,18,62,20,3,win,335.875,20998,0,13832,2759,4,0,4,21,580,579,32,0,176,0,208,0,1708,2033
355,TIMWILDOR,1,18,63,4,2,ongoing,1200.000,176086,149853,1237,104493,17,4,23,37,3404,2106,31,32,145,0,208,0,1713,9553
356,CALINGPAL,1,18,63,4,2,ongoing,1200.000,122603,90979,22321,69961,5,1,5,19,290,2039,24,21,163,0,208,0,1089,8001
357,SCOIHOLE,1,18,63,4,2,win,1024.250,29338,0,8790,82368,0,0,17,23,911,1607,1,0,207,0,208,7945,2129,7945
358,SWACELAS,1,18,63,4,2,ongoing,1200.000,32000,31520,1180,75035,0,0,3,17,630,1583,1,1,206,0,208,9305,1561,9305
359,KILLMPAL,1,18,63,4,2,win,899.000,31990,0,4216,53754,0,0,13,18,799,1437,1,0,207,0,208,6961,1441,6961
360,EOAHIPPIL,2,16,45,18,1,ongoing,1200.000,49742,18490,30548,5421,3,5,5,30,0,0,33,5,170,0,208,0,5065,7273
361,BUROUTJOB,2,16,45,18,1,win,1059.125,25356,0,742,2586,0,0,1,31,0,0,36,0,172,0,208,0,1817,8457
362,MORADOR,2,16,45,18,1,ongoing,1200.000,113007,84625,4513,66,13,3,16,22,0,0,42,28,138,0,208,0,4894,9065
363,NIMUSPAL,2,16,45,18,1,ongoing,1200.000,55011,17371,25827,11,9,0,9,39,0,0,22,2,184,0,208,0,4226,6153
364,BILDIEPERT,2,16,45,18,1,ongoing,1200.000,22136,24125,2359,5,2,0,2,41,0,0,22,1,185,0,208,0,3737,9329
365,RINGLOPOUT,3,16,45,34,1,loss,433.750,0,22864,-250,10247,0,0,0,13,0,0,0,1,207,0,208,3177,3177,3177
366,WEAVTAL,3,16,45,34,1,loss,297.500,0,18210,-250,7524,0,0,0,17,0,0,0,1,207,0,208,2041,1753,2041
367,ALPPEPIL,3,16,45,34,1,win,764.750,23905,0,9755,114380,0,0,11,15,0,0,1,0,207,0,208,5817,1409,5817
368,BADOZJOB,3,16,45,34,1,loss,343.875,0,6512,-250,4229,0,0,3,14,0,0,0,1,207,0,208,2497,2497,2497
369,IMMWILLIN,3,16,45,34,1,win,771.000,4109,0,7131,-250,0,0,7,15,0,0,2,0,206,0,208,5905,1297,5905
370,HOBINGDON,2,16,45,52,1,ongoing,1200.000,79045,52812,29761,35369,8,2,9,20,0,0,53,15,140,0,208,0,3417,8169
371,BUGIPERT,2,16,45,52,1,ongoing,1200.000,78041,126549,1671,53,12,19,13,20,0,0,30,20,158,0,208,0,3332,5924
372,SHADMEOUT,2,16,45,52,1,ongoing,1200.000,60802,193028,69,17403,10,25,10,26,0,0,21,31,156,0,208,0,3217,5370
373,CORMPT,2,16,45,52,1,ongoing,1200.000,89920,44317,23514,14285,15,5,15,17,0,0,31,18,159,0,208,0,2937,7705
374,BINHIPBAR,2,16,45,52,1,ongoing,1200.000,97667,71387,7066,37899,10,3,10,15,0,0,56,18,134,0,208,0,2761,8729
375,SADOUTER,1,16,45,63,1,ongoing,1200.000,103540,86402,710,8323,6,3,17,16,0,0,22,13,173,0,208,0,2273,9585
376,LOWALIN,1,16,45,63,1,ongoing,1200.000,67725,130966,53,4432,4,9,10,16,0,0,12,17,179,0,208,0,1433,9273
377,QAZUSDON,1,16,45,63,1,ongoing,1200.000,54266,132641,44,2184,0,11,4,16,0,0,17,13,178,0,208,0,510,9441
378,VERYINMAR,1,16,45,63,1,win,787.750,220,0,4207,7315,0,0,12,13,0,0,1,0,207,0,208,5969,1033,5969
379,MINLOPLUG,1,16,45,63,1,ongoing,1200.000,175986,120304,18799,3395,7,5,12,21,0,0,38,18,152,0,208,0,1937,8761
380,HAMTT,3,16,63,63,1,ongoing,1200.000,10077,240205,1189,7881,0,20,1,21,0,0,4,25,179,0,208,0,1289,9505
381,FUTPEBAR,3,16,63,63,1,ongoing,1200.000,16109,129892,7,9357,0,7,5,12,0,0,3,19,186,0,208,0,1249,9297
382,SUZOZER,3,16,63,63,1,ongoing,1200.000,50294,225765,15,3889,0,14,6,23,0,0,8,24,176,0,208,0,689,9545
383,DOUWILING,3,16,63,63,1,ongoing,1200.000,39731,213679,204,3462,0,17,2,18,0,0,9,24,175,0,208,0,953,9561
384,SHIINGORD,3,16,63,63,1,ongoing,1200.000,118148,49724,751,1176,3,1,6,18,0,0,24,8,176,0,208,0,777,9473
385,HURTOMAR,1,16,63,63,1,win,843.625,4051,0,4301,547,0,0,14,29,0,0,1,0,207,0,208,6497,1681,6497
386,JOSMELUG,1,16,63,63,1,ongoing,1200.000,116490,134106,2121,88,1,5,5,24,0,0,30,25,153,0,208,0,1897,3937
387,TIMMPHILL,1,16,63,63,1,ongoing,1200.000,164099,131190,45924,9334,2,4,19,16,0,0,36,23,149,0,208,0,1529,7529
388,CALHIPMET,1,16,63,63,1,ongoing,1200.000,24746,310522,19,3505,0,29,3,35,0,0,7,33,168,0,208,0,2297,9481
389,SCOOUTED,1,16,63,63,1,ongoing,1200.000,86097,313552,-194,8737,0,29,4,31,0,0,23,35,150,0,208,0,1537,9393
390,SWAAING,1,16,63,63,1,ongoing,1200.000,149881,120868,843,1313,6,4,10,27,0,0,33,25,150,0,208,0,1497,9529
391,KILLGBORD,1,16,63,63,1,loss,1001.625,0,19055,1141,2763,0,0,10,22,0,0,0,1,207,0,208,7769,2313,7769
392,EOAINCON,1,16,63,63,1,win,1101.500,137086,0,32951,834,6,0,14,26,0,0,29,0,179,0,208,0,1641,8298
393,BURLOPILL,1,16,63,63,1,ongoing,1200.000,81203,171260,54,5046,1,12,2,20,0,0,22,28,158,0,208,0,3137,9313
394,MORTHILL,1,16,63,63,1,ongoing,1200.000,217176,163444,25408,5087,11,11,17,21,0,0,60,28,120,0,208,0,2409,7035
395,NIMPEMET,0,16,41,63,1,ongoing,1200.000,36297,126282,12,10065,0,14,7,20,0,0,10,28,170,0,208,0,1449,9377
396,BILOZED,0,16,41,63,1,ongoing,1200.000,87412,64813,90,90,1,2,9,12,0,0,29,17,162,0,208,0,1065,9051
397,RINGIKEHAM,0,16,41,63,1,ongoing,1200.000,34502,141976,21,9337,0,17,5,25,0,0,6,35,167,0,208,0,1017,9425
398,WEAVOGOOND,0,16,41,63,1,ongoing,1200.000,109707,35998,1534,6638,0,1,10,15,0,0,38,11,159,0,208,0,985,9521
399,ALPOCON,0,16,41,63,1,ongoing,1200.000,99062,76880,2407,2423,0,7,5,19,0,0,37,23,148,0,208,0,977,9401
400,BADMEILL,0,16,25,63,1,ongoing,1200.000,69136,68973,58,1136,1,3,9,22,0,0,24,20,164,0,208,0,1241,9561
401,IMMMPTORY,0,16,25,63,1,ongoing,1200.000,89644,61530,76,4541,1,1,3,12,0,0,19,17,172,0,208,0,1145,9097
402,HOBHIPEND,0,16,25,63,1,ongoing,1200.000,59486,89999,29,3448,0,3,10,23,0,0,23,23,162,0,208,0,1521,9425
403,BUGOUTME,0,16,25,63,1,ongoing,1200.000,101463,68140,692,1203,0,1,7,13,0,0,38,20,150,0,208,0,953,9585
404,SHADEHAM,0,16,25,63,1,ongoing,1200.000,90866,81638,625,2720,3,1,7,23,0,0,34,23,151,0,208,0,737,9593
405,CORGBOND,1,16,27,63,1,ongoing,1200.000,91181,65313,62,4430,0,5,7,14,0,0,25,13,170,0,208,0,1801,8985
406,BININLOW,1,16,27,63,1,ongoing,1200.000,36156,158761,19,4051,0,15,3,16,0,0,10,19,179,0,208,0,3113,9309
407,SADLOPICK,1,16,27,63,1,loss,736.875,0,98602,-250,8566,0,22,8,22,0,0,0,28,179,1,208,0,2681,5525
408,LOWTTORY,1,16,27,63,1,ongoing,1200.000,187294,5829,1241,-3,4,0,4,4,0,0,52,3,153,0,208,0,1761,9571
409,QAZPEEND,1,16,27,63,1,ongoing,1200.000,116683,100339,68,1105,1,6,5,15,0,0,32,17,159,0,208,0,1969,8961
410,VERYEAME,1,16,34,63,1,ongoing,1200.000,172120,144315,110765,3005,4,11,11,15,0,0,39,19,150,0,208,0,1897,9417
411,MINIKEOLD,1,16,34,63,1,ongoing,1200.000,141356,138672,99652,10495,6,14,8,14,0,0,33,15,160,0,208,0,1625,7785
412,HAMOGOBOY,1,16,34,63,1,win,672.000,13230,0,4432,997,0,0,19,4,0,0,1,0,207,0,208,5041,1865,5041
413,FUTOLOW,1,16,34,63,1,win,1142.125,109568,0,2774,8711,0,0,10,13,0,0,15,0,193,0,208,8993,1689,8993
414,SUZMEICK,1,16,34,63,1,ongoing,1200.000,101754,187482,28135,8015,0,18,7,19,0,0,23,19,166,0,208,0,2505,9089
415,DOUMPHOLE,2,16,50,63,1,ongoing,1200.000,43484,223713,75,4808,3,37,11,38,0,0,22,43,143,0,208,0,2195,9161
416,SHIHIPLAS,2,16,50,63,1,ongoing,1200.000,55569,120732,25168,4963,4,16,6,17,0,0,51,36,121,0,208,0,0,0
417,HURTQAZAL,2,16,50,63,1,ongoing,1200.000,33121,211640,5753,7499,6,37,7,40,0,0,41,56,111,0,208,0,5119,8617
418,JOSEOLD,2,16,50,63,1,ongoing,1200.000,42752,207342,17366,4875,2,31,2,31,0,0,47,37,124,0,208,0,5169,5169
419,TIMGBBOY,2,16,50,63,1,win,886.125,30178,0,66,6739,6,0,7,25,0,0,26,0,182,0,208,0,1705,6793
420,CALINDOR,2,16,18,63,1,ongoing,1200.000,62515,93246,26772,9506,10,14,11,14,0,0,29,21,158,0,208,0,2401,5825
421,SCOLOPPAL,2,16,18,63,1,loss,583.125,0,30434,-250,3373,0,15,2,15,0,0,0,31,20,1,52,0,4591,4591
422,SWATHOLE,2,16,18,63,1,win,937.000,46389,0,3574,9906,9,0,9,19,0,0,28,0,180,0,208,0,1553,6417
423,KILLOXLAS,2,16,18,63,1,loss,969.000,0,42176,-250,2115,0,12,14,17,0,0,0,18,189,1,208,0,1657,7617
424,EOAEAAL,2,16,18,63,1,ongoing,1200.000,28871,121872,32004,5361,3,18,6,18,0,0,20,21,167,0,208,0,2307,9017
425,BURIKEPIL,3,16,52,63,1,ongoing,1200.000,57974,108559,13,7162,0,9,1,10,0,0,13,13,182,0,208,0,1577,9417
426,MOROGOJOB,3,16,52,63,1,ongoing,1200.000,24347,258832,44,6619,0,18,5,22,0,0,7,29,172,0,208,0,1057,9521
427,NIMODOR,3,16,52,63,1,ongoing,1200.000,52887,243485,22,10621,0,21,5,22,0,0,7,25,176,0,208,0,1097,9353
428,BILMEPAL,3,16,52,63,1,ongoing,1200.000,7556,234902,49,6502,0,19,7,24,0,0,3,24,181,0,208,0,761,9521
429,RINGDIPERT,3,16,52,63,1,ongoing,1200.000,41773,239667,10,4673,0,20,5,21,0,0,7,25,176,0,208,0,1049,9557
430,WEAVKOPOUT,2,16,63,63,1,ongoing,1200.000,48715,77152,2870,3901,6,3,7,16,0,0,36,16,156,0,208,0,6457,9433
431,ALPQAZT,2,16,63,63,1,ongoing,1200.000,15267,89111,398,3899,2,16,5,17,0,0,8,21,179,0,208,0,4297,8569
432,BADEPIL,2,16,63,63,1,ongoing,1200.000,27956,64488,1504,5359,2,7,7,32,0,0,26,19,163,0,208,0,3065,9505
433,IMMGBJOB,2,16,63,63,1,loss,1107.125,0,107282,-250,2368,0,29,13,30,0,0,0,31,176,1,208,0,2689,8732
434,HOBINLIN,2,16,63,63,1,ongoing,1200.000,57396,79821,1754,4052,8,6,11,23,0,0,34,17,157,0,208,0,1473,9513
435,BUGLOPDON,0,16,63,63,1,win,918.750,20481,0,7173,-250,0,0,9,11,0,0,1,0,207,0,208,7073,1249,7073
436,SHADYPERT,0,16,63,63,1,ongoing,1200.000,33996,85266,6,4857,0,17,4,18,0,0,19,18,171,0,208,0,1749,9505
437,COROXOUT,0,16,63,63,1,ongoing,1200.000,93504,64720,40064,10069,5,5,5,10,0,0,15,16,177,0,208,0,1153,7697
438,BINEAT,0,16,63,63,1,loss,438.250,0,21123,-250,8646,0,15,4,15,0,0,0,33,174,1,208,0,1497,3353
439,SADIKEBAR,0,16,63,63,1,ongoing,1200.000,68340,48714,51,1318,1,0,3,12,0,0,23,13,172,0,208,0,1089,9433
440,LOWOGOER,0,16,63,63,1,ongoing,1200.000,120444,43033,1766,2703,0,4,4,13,0,0,26,12,170,0,208,0,1009,9393
441,QAZOLIN,0,16,63,63,1,ongoing,1200.000,46693,97246,30,9681,0,8,8,23,0,0,14,24,170,0,208,0,1409,9257
442,VERYDEDON,0,16,63,63,1,win,969.000,67911,0,1004,974,2,0,12,20,0,0,14,0,194,0,208,0,1289,6807
443,MINDIMAR,0,16,63,63,1,ongoing,1200.000,70262,77465,1213,1853,0,6,3,15,0,0,34,19,155,0,208,0,1889,9537
444,HAMKOPLUG,0,16,63,63,1,ongoing,1200.000,96917,69980,1696,9145,0,3,12,19,0,0,34,18,156,0,208,0,1273,9481
445,FUTQAZHILL,3,16,63,5,10,ongoing,1200.000,69277,50776,28169,2641,4,4,9,4,959,960,8,10,190,0,208,0,1001,9451
446,SUZEBAR,3,16,63,5,10,ongoing,1200.000,7232,110435,2276,681,0,5,3,7,946,693,4,17,187,0,208,0,811,9593
447,DOUGBER,3,16,63,5,10,ongoing,1200.000,47753,88121,2676,1720,3,1,5,4,831,960,7,16,185,0,208,0,831,9381
448,SHIINING,3,16,63,5,10,loss,337.250,0,36431,2414,4767,0,4,1,4,198,270,0,30,178,0,208,0,1021,2461
449,HURTSODORD,3,16,63,5,10,ongoing,1200.000,70632,34973,4517,-158,2,0,11,5,901,960,11,6,191,0,208,0,1161,9351
450,JOSYMAR,1,18,61,36,1,win,1072.500,590,0,4515,-250,0,0,7,31,0,0,1,0,207,0,208,8273,2305,8273
451,TIMOXLUG,1,18,61,36,1,loss,853.875,0,57934,-250,4273,0,0,5,25,0,0,0,2,206,0,208,6617,2089,6617
452,CALEAHILL,1,18,61,36,1,win,1139.750,30736,0,8798,-250,0,0,12,24,0,0,2,0,206,0,208,8793,1825,8793
453,SCOIKEMET,1,18,61,36,1,ongoing,1200.000,187244,119731,72192,73681,13,3,14,27,0,0,29,24,155,0,208,0,1769,5345
454,SWAOGOED,1,18,61,36,1,ongoing,1200.000,205010,146721,24852,16521,11,6,11,29,0,0,42,24,142,0,208,0,2129,6905
455,KILLUING,0,16,59,34,1,loss,384.750,0,9412,-211,4328,0,0,6,22,0,0,0,1,207,0,208,2761,1689,2761
456,EOADEORD,0,16,59,34,1,loss,322.375,0,27851,-250,4599,0,0,3,35,0,0,0,1,132,0,133,2353,977,2353
457,BURDICON,0,16,59,34,1,loss,328.750,0,16555,-250,16615,0,0,14,33,0,0,0,1,146,0,147,2377,1881,2377
458,MORKOPILL,0,16,59,34,1,loss,422.375,0,8414,-176,4306,0,0,4,26,0,0,0,2,206,0,208,3113,1433,3113
459,NIMQAZTORY,0,16,59,34,1,loss,359.750,0,24616,-250,10868,0,0,8,31,0,0,0,1,207,0,208,2625,1193,2625
460,BILEMET,3,18,61,18,1,win,280.500,10303,0,2373,2442,3,0,4,31,0,0,6,0,202,0,208,0,1449,2009
461,RINGCEED,3,18,61,18,1,win,229.250,3131,0,681,2781,5,0,5,31,0,0,16,0,125,0,141,0,1521,1521
462,WEAVASHAM,3,18,61,18,1,ongoing,1200.000,18711,25669,1929,605,2,2,2,30,0,0,2,4,202,0,208,0,1337,9417
463,ALPSODOND,3,18,61,18,1,win,199.375,2347,0,57,2172,3,0,3,33,0,0,13,0,179,0,192,0,1377,1377
464,BADYCON,3,18,61,18,1,win,213.375,8356,0,5,2404,0,0,1,14,0,0,40,0,111,0,151,0,1489,1489
465,IMMOXILL,1,10,0,63,1,ongoing,1200.000,76860,98728,64679,4286,2,3,3,3,0,0,20,29,159,0,208,0,1625,7881
466,HOBEATORY,1,10,0,63,1,ongoing,1200.000,59816,160582,35461,2296,0,8,10,9,0,0,17,31,160,0,208,0,1345,9473
467,BUGIKEEND,1,10,0,63,1,ongoing,1200.000,58565,326346,40420,3565,0,21,2,21,0,0,18,55,135,0,208,0,1817,8993
468,SHADQUEME,1,10,0,63,1,ongoing,1200.000,94181,71427,84482,837,1,0,5,0,0,0,22,26,160,0,208,0,1537,9545
469,CORUHAM,1,10,0,63,1,ongoing,1200.000,49755,98184,38496,4373,0,0,4,0,0,0,13,31,164,0,208,0,1257,9297
470,BINDEOND,1,1,45,63,1,ongoing,1200.000,217000,140258,31480,81,9,7,10,18,0,0,46,19,143,0,208,0,2721,4152
471,SADDILOW,1,1,45,63,1,ongoing,1200.000,218389,72672,25543,57,11,3,11,6,0,0,51,17,140,0,208,0,284,433
472,LOWKOPICK,1,1,45,63,1,ongoing,1200.000,178706,31910,725,4984,0,0,0,7,0,0,65,8,135,0,208,0,729,9593
473,QAZQAZHOLE,1,1,45,63,1,win,1131.750,151316,0,501,-1,1,0,1,2,0,0,50,0,158,0,208,0,1017,9053
474,VERYIEND,1,1,45,63,1,ongoing,1200.000,171489,129390,65625,1753,5,7,12,19,0,0,35,19,154,0,208,0,1233,7753
475,MINCEME,1,1,8,63,1,ongoing,1200.000,194406,148543,5907,5161,14,7,15,14,0,0,29,23,156,0,208,0,1041,3441
476,HAMASOLD,1,1,8,63,1,loss,875.500,0,173875,-250,10264,0,19,0,25,0,0,0,29,177,2,208,0,2161,6534
477,FUTSODBOY,1,1,8,63,1,ongoing,1200.000,142961,198938,6440,3170,4,11,8,19,0,0,28,23,157,0,208,0,2937,9113
478,SUZYLOW,1,1,8,63,1,ongoing,1200.000,151609,186562,1332,1803,2,6,9,19,0,0,33,20,155,0,208,0,2017,9545
479,DOUOXICK,1,1,8,63,1,ongoing,1200.000,167758,52107,1234,7985,4,3,9,9,0,0,45,9,154,0,208,0,753,7465
480,SHIEAHOLE,1,8,4,6,1,ongoing,1200.000,220048,84414,144183,57244,9,3,10,4,0,0,55,22,131,0,208,0,2073,7809
481,HURTDIELAS,1,8,4,6,1,ongoing,1200.000,137307,130730,17165,77482,2,6,3,6,0,0,43,27,138,0,208,0,1977,8345
482,JOSQUEAL,1,8,4,6,1,ongoing,1200.000,168018,105387,8443,5067,4,2,5,2,0,0,47,28,133,0,208,0,2457,2457
483,TIMUOLD,1,8,4,6,1,ongoing,1200.000,152051,61509,132353,22286,4,3,4,3,0,0,40,14,154,0,208,0,3841,6521
484,CALDEBOY,1,8,4,6,1,ongoing,1200.000,112662,79148,63398,56563,3,5,4,6,0,0,35,15,158,0,208,0,2441,2489
485,SCODIDOR,3,10,4,7,1,ongoing,1200.000,193595,75851,262646,11717,8,0,8,0,0,0,32,17,159,0,208,0,2262,5121
486,SWAKOPPAL,3,10,4,7,1,ongoing,1200.000,273361,16964,370300,240,12,0,12,0,0,0,47,4,157,0,208,0,1741,9075
487,KILLINGPERT,3,10,4,7,1,ongoing,1200.000,196561,200221,36471,165141,0,4,0,4,0,0,44,39,125,0,208,0,1185,5689
488,EOAILAS,3,10,4,7,1,ongoing,1200.000,160489,165951,330058,153692,10,4,10,5,0,0,22,32,154,0,208,0,1193,1593
489,BURCEAL,3,10,4,7,1,ongoing,1200.000,241626,170099,82189,181990,2,5,2,5,0,0,51,31,126,0,208,0,1249,4625
490,MORASPIL,1,16,55,63,1,ongoing,1200.000,69276,184421,2362,9320,3,10,9,22,0,0,17,25,166,0,208,0,1425,9321
491,NIMSODJOB,1,16,55,63,1,ongoing,1200.000,82509,249739,33,2308,1,23,9,25,0,0,21,24,163,0,208,0,1473,9505
492,BILYDOR,1,16,55,63,1,ongoing,1200.000,143635,115563,716,7099,3,3,5,25,0,0,42,15,151,0,208,0,1553,9593
493,RINGAPAL,1,16,55,63,1,loss,766.750,0,179100,-250,3663,0,26,3,32,0,0,0,30,177,1,208,0,2065,6025
494,WEAVUSPERT,1,16,55,63,1,ongoing,1200.000,108560,122857,1858,5446,0,5,10,24,0,0,33,16,159,0,208,0,1777,9489
